[{"id":2,"orderDate":"13-10-2022","dueDate":"18-10-2022","userId":1,"orderSum":255,"cart":[{"id":3,"name":"גבינה","description":"גבינה 5%","imgUrl":"","content":"500 גרם","price":7.2,"isCooling":true,"company":"תנובה","prodDate":"5-5-2022","qty":3},{"id":3,"name":"לחם","description":"לחם אחיד פרוס","imgUrl":"","content":"750 גרם","price":6.2,"isCooling":false,"company":"אנג'ל","prodDate":"10-10-2022","qty":3}]},{"id":3,"orderDate":"13-10-2022","dueDate":"18-10-2022","userId":1,"orderSum":27,"cart":[{"id":3,"name":"גבינה","description":"גבינה 5%","imgUrl":"","content":"500 גרם","price":7.2,"isCooling":true,"company":"תנובה","prodDate":"5-5-2022","qty":3},{"id":3,"name":"לחם","description":"לחם אחיד פרוס","imgUrl":"","content":"750 גרם","price":6.2,"isCooling":false,"company":"אנג'ל","prodDate":"10-10-2022","qty":3}]},{"id":4,"orderDate":"13-10-2022","dueDate":"18-10-2022","userId":1,"orderSum":234,"cart":[{"id":3,"name":"גבינה","description":"גבינה 5%","imgUrl":"","content":"500 גרם","price":7.2,"isCooling":true,"company":"תנובה","prodDate":"5-5-2022","qty":3},{"id":3,"name":"לחם","description":"לחם אחיד פרוס","imgUrl":"","content":"750 גרם","price":6.2,"isCooling":false,"company":"אנג'ל","prodDate":"10-10-2022","qty":3}]},{"userId":1,"orderDate":"11.4.2024","dueDate":"21.4.2024","city":"bney brack","street":"harav kuk","houseNumber":24,"cart":[{"id":"1","name":"++++❤️","description":"👨🏻‍💼👨🏻‍💼👨🏻‍💼👨🏻‍💼👨🏻‍💼👨🏻‍💼","content":"fd","price":"2","isCooling":false,"company":"6565436536536543","prodDate":"fd","imgUrl":"http://localhost:4000/uploads/nice image-10.4.2024_20.54.32.png","qty":5,"sumProduct":10}],"orderSum":10,"id":5},{"userId":1,"orderDate":"11-4-2024","dueDate":"21-4-2024","city":"bney brack","street":"harav kuk","houseNumber":24,"cart":[{"id":2,"name":"לחם🥳","description":"לחם אחיד פרוס","content":"750 גרם","price":6.2,"isCooling":false,"company":"אנג'ל","prodDate":"10-10-2022","imgUrl":"http://localhost:4000/uploads/gggggg-10.4.2024_14.53.9.jpg","qty":1,"sumProduct":6.2}],"orderSum":6.2,"id":6},{"userId":1,"orderDate":"11-4-2024","dueDate":"11-4-2024","city":"bney brack","street":"harav kuk","houseNumber":24,"cart":[{"id":"1","name":"++++❤️","description":"👨🏻‍💼👨🏻‍💼👨🏻‍💼👨🏻‍💼👨🏻‍💼👨🏻‍💼","content":"fd","price":"2","isCooling":false,"company":"6565436536536543","prodDate":"fd","imgUrl":"http://localhost:4000/uploads/nice image-10.4.2024_20.54.32.png","qty":1,"sumProduct":2}],"orderSum":2,"id":7},{"userId":1,"orderDate":"11-4-2024","dueDate":"21-4-2024","city":"bney brack","street":"harav kuk","houseNumber":24,"cart":[{"id":"1","name":"++++❤️","description":"👨🏻‍💼👨🏻‍💼👨🏻‍💼👨🏻‍💼👨🏻‍💼👨🏻‍💼","content":"fd","price":"2","isCooling":false,"company":"6565436536536543","prodDate":"fd","imgUrl":"http://localhost:4000/uploads/nice image-10.4.2024_20.54.32.png","qty":53425324543254320000,"sumProduct":106850649086508650000}],"orderSum":106850649086508650000,"id":8},{"userId":48,"orderDate":"14-4-2024","dueDate":"24-4-2024","city":"בני ברק","street":"הרב קוק","houseNumber":24,"cart":[{"id":72,"name":"אוכל טעים","description":"לחם gfdgf gd gg s ggfds אחיד פרוס","content":"700 פס","price":0,"isCooling":false,"company":"מאפיה","prodDate":"","imgUrl":"http://localhost:4000/uploads/-11.4.2024_21.40.13.png","qty":4,"sumProduct":0}],"orderSum":0,"id":9}]