[{"id":"1","name":"בוטי רובוטי","description":"רובוטית משוכללת בייצור מיוחד עושה כל סוג של מטלת בית","content":"10 קג","price":120,"isCooling":false,"company":"bit-bot","prodDate":"1-1-1","imgUrl":"http://localhost:4000/uploads/nice image-10.4.2024_20.54.32.png"},{"id":2,"name":"לחם🥳","description":"לחם אgfd gfd gfd fd fd gfdחיד פרוס","content":"750 גרם","price":6.2,"isCooling":false,"company":"אנג'ל","prodDate":"10-10-2022","imgUrl":"http://localhost:4000/uploads/gggggg-10.4.2024_14.53.9.jpg"},{"id":4,"name":"במבה","description":"חטיףgfd gf fd gdf gd gfd בןטנים","imgUrl":"http://localhost:4000/uploads/ff-11.4.2024_21.16.16.png","content":"80 גרם","price":7.2,"isCooling":false,"company":"אסם","prodDate":"5-5-2022"},{"id":72,"name":"אוכל טעים","description":"לחם gfdgf gd gg s ggfds אחיד פרוס","content":"700 פס","price":0,"isCooling":false,"company":"מאפיה","prodDate":"","imgUrl":"http://localhost:4000/uploads/-11.4.2024_21.40.13.png"},{"id":73,"name":"חלב🧋","description":"fds fdsa fdsa fd fsd fdsa ff ","content":"fd","price":9.4343,"isCooling":true,"company":"33","prodDate":"fdfdd","imgUrl":"http://localhost:4000/uploads/f-11.4.2024_21.15.5.png"},{"id":74,"name":"עוגה","description":"טfd fdsa fdsa fs fsas dsa d","content":"כגכג","price":4,"isCooling":true,"company":"מאפיה","prodDate":"1-1-1","imgUrl":"http://localhost:4000/uploads/cake-11.4.2024_21.30.28.png"},{"id":75,"name":"כגדש","description":"fds fd fds dsaa ds dsa fsa","content":"כגדש","price":0,"isCooling":false,"company":"כגדש","prodDate":"כגדש","imgUrl":"http://localhost:4000/uploads/כגדש-11.4.2024_21.31.36.png"},{"id":76,"name":"כגדש","description":"fds fdsa fd fdsa fdsa fds ","content":"כגדש","price":0,"isCooling":false,"company":"כגדש","prodDate":"כגשד","imgUrl":"http://localhost:4000/uploads/כגדש-11.4.2024_21.31.48.png"}]