[{"id":1,"tz":"300857412","firstName":"תהילה","lastName":"אהרונוביץ","password":"as2345","telephone":"052786696","city":"bney brack","street":"harav kuk","houseNumber":24},{"id":2,"tz":"221585521","firstName":"תהילה","lastName":"אהרונוביץ","password":"lc65df","telephone":"055252525","city":"bney brack","street":"harav kuk","houseNumber":24},{"id":3,"tz":"322514141","firstName":"תהילה","lastName":"אהרונוביץ","password":"zx2351","telephone":"052786657567696","city":"bney brack","street":"harav kuk","houseNumber":24},{"id":4,"tz":"300258745","firstName":"תהילה","lastName":"אהרונוביץ","password":"9789hg","telephone":"0527866546696","city":"bney brack","street":"harav kuk","houseNumber":24},{"id":5,"tz":"223354123","firstName":"תהילה","lastName":"אהרונוביץ","password":"vb7465","telephone":"0527866546696","city":"bney brack","street":"harav kuk","houseNumber":24},{"id":6,"tz":"111111111","firstName":"תהילה","lastName":"אהרונוביץ","password":"bn7898","telephone":"052786696","city":"bney brack","street":"harav kuk","houseNumber":24},{"tz":"45687382","firstName":"תהילה","lastName":"אהרונוביץ","password":"237698","telephone":"05567890546","id":2,"city":"bney brack","street":"harav kuk","houseNumber":24},{"tz":"45687382","firstName":"תהילה","lastName":"אהרונוביץ","password":"45bdfgd","telephone":"077324567","id":3,"city":"bney brack","street":"harav kuk","houseNumber":24},{"tz":"221585521","firstName":"תהילה","lastName":"אהרונוביץ","password":"lc65df","telephone":"055252525","id":4,"city":"bney brack","street":"harav kuk","houseNumber":24},{"tz":"5645656","firstName":"תהילה","lastName":"אהרונוביץ","password":"mm998r","telephone":"055252525","id":5,"city":"bney brack","street":"harav kuk","houseNumber":24},{"tz":"3243543","firstName":"תהילה","lastName":"אהרונוביץ","password":"df6783","telephone":"0904233","id":6,"city":"bney brack","street":"harav kuk","houseNumber":24},{"tz":"322514141","firstName":"תהילה","lastName":"אהרונוביץ","password":"1234","telephone":"052786657567696","id":8,"city":"bney brack","street":"harav kuk","houseNumber":24},{"tz":"322514141","firstName":"תהילה","lastName":"אהרונוביץ","password":"1234","telephone":"052786657567696","city":"bney brack","street":"harav kuk","houseNumber":24,"id":24},{"tz":"322514141","firstName":"תהילה","lastName":"אהרונוביץ","password":"1234","telephone":"052786657567696","city":"bney brack","street":"harav kuk","houseNumber":24,"id":25},{"tz":"322514141","firstName":"תהילה","lastName":"אהרונוביץ","password":"1234","telephone":"052786657567696","city":"bney brack","street":"harav kuk","houseNumber":24,"id":26},{"tz":"322514141","firstName":"תהילה","lastName":"אהרונוביץ","password":"1234","telephone":"052786657567696","city":"bney brack","street":"harav kuk","houseNumber":24,"id":27},{"tz":"322514141","firstName":"תהילה","lastName":"אהרונוביץ","password":"1234","telephone":"052786657567696","city":"bney brack","street":"harav kuk","houseNumber":24,"id":28},{"tz":"322514141","firstName":"תהילה","lastName":"אהרונוביץ","password":"1234","telephone":"052786657567696","city":"bney brack","street":"harav kuk","houseNumber":24,"id":29},{"tz":"322514141","firstName":"תהילה","lastName":"אהרונוביץ","password":"1234","telephone":"052786657567696","city":"bney brack","street":"harav kuk","houseNumber":24,"id":30},{"tz":"322514141","firstName":"תהילה","lastName":"אהרונוביץ","password":"1234","telephone":"052786657567696","city":"bney brack","street":"harav kuk","houseNumber":24,"id":31},{"firstName":"תהילה","lastName":"אהרונוביץ","password":"1","email":"","city":"בני ברק","street":"הרב קוק","houseNumber":24,"id":32},{"firstName":"תהילה","lastName":"אהרונוביץ","password":"1234","email":"hrwnwbyzt@gmail.com","city":"בני ברק","street":"הרב קוק","houseNumber":24,"id":33},{"firstName":"תהילה","lastName":"אהרונוביץ","password":"1234","email":"hrwnwbyzt@gmail.com","city":"בני ברק","street":"הרב קוק","houseNumber":24,"id":34},{"firstName":"תהילה","lastName":"אהרונוביץ","password":"1234","email":"","city":"בני ברק","street":"הרב קוק","houseNumber":24,"id":35},{"firstName":"תהילה","lastName":"אהרונוביץ","password":"1234","email":"hrwnwbyzt@gmail.com","city":"בני ברק","street":"הרב קוק","houseNumber":24,"id":36},{"firstName":"תהילה","lastName":"אהרונוביץ","password":"1234","email":"hrwnwbyzt@gmail.com","city":"בני ברק","street":"הרב קוק","houseNumber":24,"id":37},{"firstName":"תהילה","lastName":"אהרונוביץ","password":"1234","email":"hrwnwbyzt@gmail.com","city":"בני ברק","street":"הרב קוק","houseNumber":24,"id":38},{"firstName":"תהילה","lastName":"אהרונוביץ","password":"1234","email":"hrwnwbyzt@gmail.com","city":"בני ברק","street":"הרב קוק","houseNumber":24,"id":39},{"firstName":"תהילה","lastName":"אהרונוביץ","password":"1234","email":"hrwnwbyzt@gmail.com","city":"בני ברק","street":"הרב קוק","houseNumber":24,"id":40},{"firstName":"תהילה","lastName":"אהרונוביץ","password":"1234","email":"hrwnwbyzt@gmail.com","city":"בני ברק","street":"הרב קוק","houseNumber":24,"id":41},{"firstName":"תהילה","lastName":"אהרונוביץ","password":"1234","email":"hrwnwbyzt@gmail.com","city":"בני ברק","street":"הרב קוק","houseNumber":24,"id":42},{"firstName":"תהילה","lastName":"אהרונוביץ","password":"1234","email":"hrwnwbyzt@gmail.com","city":"בני ברק","street":"הרב קוק","houseNumber":24,"id":43},{"firstName":"תהילה","lastName":"אהרונוביץ","password":"1234","email":"hrwnwbyzt@gmail.com","city":"בני ברק","street":"הרב קוק","houseNumber":24,"id":44},{"firstName":"תהילה","lastName":"אהרונוביץ","password":"1234","email":"hrwnwbyzt@gmail.com","city":"בני ברק","street":"הרב קוק","houseNumber":24,"id":45},{"firstName":"תהילה","lastName":"אהרונוביץ","password":"1234","email":"hrwnwbyzt@gmail.com","city":"בני ברק","street":"הרב קוק","houseNumber":24,"id":46},{"firstName":"תהילה","lastName":"אהרונוביץ","password":"1234","email":"hrwnwbyzt@gmail.com","city":"בני ברק","street":"הרב קוק","houseNumber":24,"id":47},{"firstName":"תהילה","lastName":"אהרונוביץ","password":"1234","email":"hrwnwbyzt@gmail.com","city":"בני ברק","street":"הרב קוק","houseNumber":24,"id":48}]